label,chain_id,residue_id,residue_name,residue_full_name,distance_to_ligand,secondary_structure,physicochemical_type,charge,polarity,size,aromatic,sulfur,hydroxyl,amide,acidic,basic,binding_potential,distance_class,shell
THR206B (Threonine),B,206,THR,Threonine,2.57,Coil,polar,neutral,polar,medium,False,False,True,False,False,False,high_hbond,direct_contact,first
THR206A (Threonine),A,206,THR,Threonine,2.6,Coil,polar,neutral,polar,medium,False,False,True,False,False,False,high_hbond,direct_contact,first
VAL52B (Valine),B,52,VAL,Valine,2.79,Coil,hydrophobic,neutral,nonpolar,medium,False,False,False,False,False,False,high_van_der_waals,direct_contact,first
ARG333B (Arginine),B,333,ARG,Arginine,2.79,Coil,basic,positive,polar,large,False,False,False,False,False,True,high_ionic,direct_contact,first
TYR114A (Tyrosine),A,114,TYR,Tyrosine,2.83,Coil,polar,neutral,polar,large,True,False,True,False,False,False,high_aromatic,direct_contact,first
ARG333A (Arginine),A,333,ARG,Arginine,2.83,Coil,basic,positive,polar,large,False,False,False,False,False,True,high_ionic,direct_contact,first
SER51B (Serine),B,51,SER,Serine,2.87,Coil,polar,neutral,polar,small,False,False,True,False,False,False,high_hbond,direct_contact,first
TYR114B (Tyrosine),B,114,TYR,Tyrosine,2.93,Coil,polar,neutral,polar,large,True,False,True,False,False,False,high_aromatic,direct_contact,first
SER51A (Serine),A,51,SER,Serine,3.0,Coil,polar,neutral,polar,small,False,False,True,False,False,False,high_hbond,direct_contact,first
THR107B (Threonine),B,107,THR,Threonine,3.15,Coil,polar,neutral,polar,medium,False,False,True,False,False,False,high_hbond,direct_contact,first
SER336A (Serine),A,336,SER,Serine,3.18,Coil,polar,neutral,polar,small,False,False,True,False,False,False,high_hbond,direct_contact,first
THR107A (Threonine),A,107,THR,Threonine,3.2,Coil,polar,neutral,polar,medium,False,False,True,False,False,False,high_hbond,direct_contact,first
SER336B (Serine),B,336,SER,Serine,3.22,Coil,polar,neutral,polar,small,False,False,True,False,False,False,high_hbond,direct_contact,first
VAL52A (Valine),A,52,VAL,Valine,3.22,Coil,hydrophobic,neutral,nonpolar,medium,False,False,False,False,False,False,high_van_der_waals,direct_contact,first
MET137A (Methionine),A,137,MET,Methionine,3.32,Coil,hydrophobic,neutral,nonpolar,large,False,True,False,False,False,False,high_sulfur,direct_contact,first
ALA53A (Alanine),A,53,ALA,Alanine,3.34,Coil,hydrophobic,neutral,nonpolar,small,False,False,False,False,False,False,high_van_der_waals,direct_contact,first
VAL50A (Valine),A,50,VAL,Valine,3.35,Coil,hydrophobic,neutral,nonpolar,medium,False,False,False,False,False,False,high_van_der_waals,direct_contact,first
SER49A (Serine),A,49,SER,Serine,3.38,Coil,polar,neutral,polar,small,False,False,True,False,False,False,high_hbond,direct_contact,first
MET58A (Methionine),A,58,MET,Methionine,3.44,Coil,hydrophobic,neutral,nonpolar,large,False,True,False,False,False,False,high_sulfur,direct_contact,first
MET58B (Methionine),B,58,MET,Methionine,3.45,Coil,hydrophobic,neutral,nonpolar,large,False,True,False,False,False,False,high_sulfur,direct_contact,first
GLN103A (Glutamine),A,103,GLN,Glutamine,3.49,Coil,polar,neutral,polar,medium,False,False,False,True,False,False,high_hbond,direct_contact,first
ALA53B (Alanine),B,53,ALA,Alanine,3.49,Coil,hydrophobic,neutral,nonpolar,small,False,False,False,False,False,False,high_van_der_waals,direct_contact,first
THR57B (Threonine),B,57,THR,Threonine,3.5,Coil,polar,neutral,polar,medium,False,False,True,False,False,False,high_hbond,direct_contact,first
THR106A (Threonine),A,106,THR,Threonine,3.51,Coil,polar,neutral,polar,medium,False,False,True,False,False,False,high_hbond,direct_contact,first
MET137B (Methionine),B,137,MET,Methionine,3.52,Coil,hydrophobic,neutral,nonpolar,large,False,True,False,False,False,False,high_sulfur,direct_contact,first
THR106B (Threonine),B,106,THR,Threonine,3.55,Coil,polar,neutral,polar,medium,False,False,True,False,False,False,high_hbond,direct_contact,first
THR57A (Threonine),A,57,THR,Threonine,3.57,Coil,polar,neutral,polar,medium,False,False,True,False,False,False,high_hbond,direct_contact,first
ILE330B (Isoleucine),B,330,ILE,Isoleucine,3.58,Coil,hydrophobic,neutral,nonpolar,large,False,False,False,False,False,False,high_van_der_waals,direct_contact,first
TRP207B (Tryptophan),B,207,TRP,Tryptophan,3.58,Coil,hydrophobic,neutral,nonpolar,large,True,False,False,False,False,False,high_aromatic,direct_contact,first
GLY48B (Glycine),B,48,GLY,Glycine,3.59,Coil,hydrophobic,neutral,nonpolar,small,False,False,False,False,False,False,high_van_der_waals,direct_contact,first
SER49B (Serine),B,49,SER,Serine,3.59,Coil,polar,neutral,polar,small,False,False,True,False,False,False,high_hbond,direct_contact,first
LEU60A (Leucine),A,60,LEU,Leucine,3.64,Coil,hydrophobic,neutral,nonpolar,large,False,False,False,False,False,False,high_van_der_waals,direct_contact,first
GLN339B (Glutamine),B,339,GLN,Glutamine,3.65,Coil,polar,neutral,polar,medium,False,False,False,True,False,False,high_hbond,direct_contact,first
VAL110B (Valine),B,110,VAL,Valine,3.65,Coil,hydrophobic,neutral,nonpolar,medium,False,False,False,False,False,False,high_van_der_waals,direct_contact,first
TRP207A (Tryptophan),A,207,TRP,Tryptophan,3.65,Coil,hydrophobic,neutral,nonpolar,large,True,False,False,False,False,False,high_aromatic,direct_contact,first
GLN339A (Glutamine),A,339,GLN,Glutamine,3.66,Coil,polar,neutral,polar,medium,False,False,False,True,False,False,high_hbond,direct_contact,first
VAL50B (Valine),B,50,VAL,Valine,3.66,Coil,hydrophobic,neutral,nonpolar,medium,False,False,False,False,False,False,high_van_der_waals,direct_contact,first
ILE330A (Isoleucine),A,330,ILE,Isoleucine,3.67,Coil,hydrophobic,neutral,nonpolar,large,False,False,False,False,False,False,high_van_der_waals,direct_contact,first
LEU329A (Leucine),A,329,LEU,Leucine,3.68,Coil,hydrophobic,neutral,nonpolar,large,False,False,False,False,False,False,high_van_der_waals,direct_contact,first
VAL110A (Valine),A,110,VAL,Valine,3.68,Coil,hydrophobic,neutral,nonpolar,medium,False,False,False,False,False,False,high_van_der_waals,direct_contact,first
GLN103B (Glutamine),B,103,GLN,Glutamine,3.7,Coil,polar,neutral,polar,medium,False,False,False,True,False,False,high_hbond,direct_contact,first
LEU341A (Leucine),A,341,LEU,Leucine,3.7,Coil,hydrophobic,neutral,nonpolar,large,False,False,False,False,False,False,high_van_der_waals,direct_contact,first
LEU329B (Leucine),B,329,LEU,Leucine,3.71,Coil,hydrophobic,neutral,nonpolar,large,False,False,False,False,False,False,high_van_der_waals,direct_contact,first
VAL332A (Valine),A,332,VAL,Valine,3.76,Coil,hydrophobic,neutral,nonpolar,medium,False,False,False,False,False,False,high_van_der_waals,direct_contact,first
LEU60B (Leucine),B,60,LEU,Leucine,3.76,Coil,hydrophobic,neutral,nonpolar,large,False,False,False,False,False,False,high_van_der_waals,direct_contact,first
TRP344A (Tryptophan),A,344,TRP,Tryptophan,3.79,Coil,hydrophobic,neutral,nonpolar,large,True,False,False,False,False,False,high_aromatic,direct_contact,first
GLY141A (Glycine),A,141,GLY,Glycine,3.82,Coil,hydrophobic,neutral,nonpolar,small,False,False,False,False,False,False,high_van_der_waals,direct_contact,first
ILE340B (Isoleucine),B,340,ILE,Isoleucine,3.84,Coil,hydrophobic,neutral,nonpolar,large,False,False,False,False,False,False,high_van_der_waals,direct_contact,first
PRO55B (Proline),B,55,PRO,Proline,3.84,Coil,hydrophobic,neutral,nonpolar,medium,False,False,False,False,False,False,high_van_der_waals,direct_contact,first
THR61A (Threonine),A,61,THR,Threonine,3.86,Coil,polar,neutral,polar,medium,False,False,True,False,False,False,high_hbond,direct_contact,first
PHE209B (Phenylalanine),B,209,PHE,Phenylalanine,3.88,Coil,hydrophobic,neutral,nonpolar,large,True,False,False,False,False,False,high_aromatic,direct_contact,first
THR61B (Threonine),B,61,THR,Threonine,3.9,Coil,polar,neutral,polar,medium,False,False,True,False,False,False,high_hbond,direct_contact,first
PRO55A (Proline),A,55,PRO,Proline,3.91,Coil,hydrophobic,neutral,nonpolar,medium,False,False,False,False,False,False,high_van_der_waals,direct_contact,first
VAL332B (Valine),B,332,VAL,Valine,3.92,Coil,hydrophobic,neutral,nonpolar,medium,False,False,False,False,False,False,high_van_der_waals,direct_contact,first
LEU337A (Leucine),A,337,LEU,Leucine,3.94,Coil,hydrophobic,neutral,nonpolar,large,False,False,False,False,False,False,high_van_der_waals,direct_contact,first
ILE340A (Isoleucine),A,340,ILE,Isoleucine,3.95,Coil,hydrophobic,neutral,nonpolar,large,False,False,False,False,False,False,high_van_der_waals,direct_contact,first
LEU337B (Leucine),B,337,LEU,Leucine,3.96,Coil,hydrophobic,neutral,nonpolar,large,False,False,False,False,False,False,high_van_der_waals,direct_contact,first
TRP295B (Tryptophan),B,295,TRP,Tryptophan,3.97,Coil,hydrophobic,neutral,nonpolar,large,True,False,False,False,False,False,high_aromatic,direct_contact,first
PHE209A (Phenylalanine),A,209,PHE,Phenylalanine,3.97,Coil,hydrophobic,neutral,nonpolar,large,True,False,False,False,False,False,high_aromatic,direct_contact,first
TRP344B (Tryptophan),B,344,TRP,Tryptophan,3.98,Coil,hydrophobic,neutral,nonpolar,large,True,False,False,False,False,False,high_aromatic,direct_contact,first
LEU334B (Leucine),B,334,LEU,Leucine,3.99,Coil,hydrophobic,neutral,nonpolar,large,False,False,False,False,False,False,high_van_der_waals,direct_contact,first
GLY141B (Glycine),B,141,GLY,Glycine,4.0,Coil,hydrophobic,neutral,nonpolar,small,False,False,False,False,False,False,high_van_der_waals,direct_contact,first
ILE56B (Isoleucine),B,56,ILE,Isoleucine,4.01,Coil,hydrophobic,neutral,nonpolar,large,False,False,False,False,False,False,low_interaction,secondary_shell,second
LEU341B (Leucine),B,341,LEU,Leucine,4.01,Coil,hydrophobic,neutral,nonpolar,large,False,False,False,False,False,False,low_interaction,secondary_shell,second
TRP295A (Tryptophan),A,295,TRP,Tryptophan,4.05,Coil,hydrophobic,neutral,nonpolar,large,True,False,False,False,False,False,medium_interaction,secondary_shell,second
LEU298B (Leucine),B,298,LEU,Leucine,4.06,Coil,hydrophobic,neutral,nonpolar,large,False,False,False,False,False,False,low_interaction,secondary_shell,second
GLY48A (Glycine),A,48,GLY,Glycine,4.08,Coil,hydrophobic,neutral,nonpolar,small,False,False,False,False,False,False,low_interaction,secondary_shell,second
GLY102B (Glycine),B,102,GLY,Glycine,4.09,Coil,hydrophobic,neutral,nonpolar,small,False,False,False,False,False,False,low_interaction,secondary_shell,second
ILE56A (Isoleucine),A,56,ILE,Isoleucine,4.11,Coil,hydrophobic,neutral,nonpolar,large,False,False,False,False,False,False,low_interaction,secondary_shell,second
PHE54A (Phenylalanine),A,54,PHE,Phenylalanine,4.11,Coil,hydrophobic,neutral,nonpolar,large,True,False,False,False,False,False,medium_interaction,secondary_shell,second
GLY102A (Glycine),A,102,GLY,Glycine,4.12,Coil,hydrophobic,neutral,nonpolar,small,False,False,False,False,False,False,low_interaction,secondary_shell,second
PRO204B (Proline),B,204,PRO,Proline,4.15,Coil,hydrophobic,neutral,nonpolar,medium,False,False,False,False,False,False,low_interaction,secondary_shell,second
ASP99B (Aspartic acid),B,99,ASP,Aspartic acid,4.16,Coil,acidic,negative,polar,medium,False,False,False,False,True,False,medium_interaction,secondary_shell,second
PHE54B (Phenylalanine),B,54,PHE,Phenylalanine,4.17,Coil,hydrophobic,neutral,nonpolar,large,True,False,False,False,False,False,medium_interaction,secondary_shell,second
ASP99A (Aspartic acid),A,99,ASP,Aspartic acid,4.17,Coil,acidic,negative,polar,medium,False,False,False,False,True,False,medium_interaction,secondary_shell,second
LEU334A (Leucine),A,334,LEU,Leucine,4.21,Coil,hydrophobic,neutral,nonpolar,large,False,False,False,False,False,False,low_interaction,secondary_shell,second
ALA335A (Alanine),A,335,ALA,Alanine,4.28,Coil,hydrophobic,neutral,nonpolar,small,False,False,False,False,False,False,low_interaction,secondary_shell,second
ALA335B (Alanine),B,335,ALA,Alanine,4.3,Coil,hydrophobic,neutral,nonpolar,small,False,False,False,False,False,False,low_interaction,secondary_shell,second
PRO204A (Proline),A,204,PRO,Proline,4.33,Coil,hydrophobic,neutral,nonpolar,medium,False,False,False,False,False,False,low_interaction,secondary_shell,second
LEU298A (Leucine),A,298,LEU,Leucine,4.36,Coil,hydrophobic,neutral,nonpolar,large,False,False,False,False,False,False,low_interaction,secondary_shell,second
VAL64A (Valine),A,64,VAL,Valine,4.61,Coil,hydrophobic,neutral,nonpolar,medium,False,False,False,False,False,False,low_interaction,secondary_shell,second
LEU59B (Leucine),B,59,LEU,Leucine,4.65,Coil,hydrophobic,neutral,nonpolar,large,False,False,False,False,False,False,low_interaction,secondary_shell,second
PHE140A (Phenylalanine),A,140,PHE,Phenylalanine,4.66,Coil,hydrophobic,neutral,nonpolar,large,True,False,False,False,False,False,medium_interaction,secondary_shell,second
PHE140B (Phenylalanine),B,140,PHE,Phenylalanine,4.66,Coil,hydrophobic,neutral,nonpolar,large,True,False,False,False,False,False,medium_interaction,secondary_shell,second
PHE133A (Phenylalanine),A,133,PHE,Phenylalanine,4.66,Coil,hydrophobic,neutral,nonpolar,large,True,False,False,False,False,False,medium_interaction,secondary_shell,second
VAL64B (Valine),B,64,VAL,Valine,4.72,Coil,hydrophobic,neutral,nonpolar,medium,False,False,False,False,False,False,low_interaction,secondary_shell,second
PHE133B (Phenylalanine),B,133,PHE,Phenylalanine,4.72,Coil,hydrophobic,neutral,nonpolar,large,True,False,False,False,False,False,medium_interaction,secondary_shell,second
LEU59A (Leucine),A,59,LEU,Leucine,4.81,Coil,hydrophobic,neutral,nonpolar,large,False,False,False,False,False,False,low_interaction,secondary_shell,second
PHE234A (Phenylalanine),A,234,PHE,Phenylalanine,4.86,Coil,hydrophobic,neutral,nonpolar,large,True,False,False,False,False,False,medium_interaction,secondary_shell,second
PHE234B (Phenylalanine),B,234,PHE,Phenylalanine,4.87,Coil,hydrophobic,neutral,nonpolar,large,True,False,False,False,False,False,medium_interaction,secondary_shell,second
THR138A (Threonine),A,138,THR,Threonine,5.44,Coil,polar,neutral,polar,medium,False,False,True,False,False,False,low_interaction,secondary_shell,second
ASN326A (Asparagine),A,326,ASN,Asparagine,5.48,Coil,polar,neutral,polar,medium,False,False,False,True,False,False,low_interaction,secondary_shell,second
ASN326B (Asparagine),B,326,ASN,Asparagine,5.5,Coil,polar,neutral,polar,medium,False,False,False,True,False,False,low_interaction,secondary_shell,second
THR136A (Threonine),A,136,THR,Threonine,5.52,Coil,polar,neutral,polar,medium,False,False,True,False,False,False,low_interaction,secondary_shell,second
THR138B (Threonine),B,138,THR,Threonine,5.63,Coil,polar,neutral,polar,medium,False,False,True,False,False,False,low_interaction,secondary_shell,second
TRP203B (Tryptophan),B,203,TRP,Tryptophan,5.65,Coil,hydrophobic,neutral,nonpolar,large,True,False,False,False,False,False,medium_interaction,secondary_shell,second
THR136B (Threonine),B,136,THR,Threonine,5.69,Coil,polar,neutral,polar,medium,False,False,True,False,False,False,low_interaction,secondary_shell,second
CYS47B (Cysteine),B,47,CYS,Cysteine,5.71,Coil,polar,neutral,polar,small,False,True,False,False,False,False,low_interaction,secondary_shell,second
TRP203A (Tryptophan),A,203,TRP,Tryptophan,5.82,Coil,hydrophobic,neutral,nonpolar,large,True,False,False,False,False,False,medium_interaction,secondary_shell,second
CYS47A (Cysteine),A,47,CYS,Cysteine,5.97,Coil,polar,neutral,polar,small,False,True,False,False,False,False,low_interaction,secondary_shell,second
